{
  "ABIRoot": {
    "kind": "Root",
    "name": "TopLevel",
    "printedName": "TopLevel",
    "children": [
      {
        "kind": "Import",
        "name": "SwiftUI",
        "printedName": "SwiftUI",
        "declKind": "Import",
        "moduleName": "UXCamSwiftUI",
        "declAttributes": [
          "RawDocComment"
        ]
      },
      {
        "kind": "Import",
        "name": "UXCam",
        "printedName": "UXCam",
        "declKind": "Import",
        "moduleName": "UXCamSwiftUI"
      },
      {
        "kind": "TypeDecl",
        "name": "Configuration",
        "printedName": "Configuration",
        "children": [
          {
            "kind": "Constructor",
            "name": "init",
            "printedName": "init(appKey:)",
            "children": [
              {
                "kind": "TypeNominal",
                "name": "Configuration",
                "printedName": "UXCamSwiftUI.Configuration",
                "usr": "c:@M@UXCamSwiftUI@objc(cs)Configuration"
              },
              {
                "kind": "TypeNominal",
                "name": "String",
                "printedName": "Swift.String",
                "usr": "s:SS"
              }
            ],
            "declKind": "Constructor",
            "usr": "c:@M@UXCamSwiftUI@objc(cs)Configuration(im)initWithAppKey:",
            "mangledName": "$s12UXCamSwiftUI13ConfigurationC6appKeyACSS_tcfc",
            "moduleName": "UXCamSwiftUI",
            "overriding": true,
            "objc_name": "initWithAppKey:",
            "declAttributes": [
              "Dynamic",
              "ObjC",
              "AccessControl",
              "Override"
            ],
            "init_kind": "Designated"
          }
        ],
        "declKind": "Class",
        "usr": "c:@M@UXCamSwiftUI@objc(cs)Configuration",
        "mangledName": "$s12UXCamSwiftUI13ConfigurationC",
        "moduleName": "UXCamSwiftUI",
        "declAttributes": [
          "AccessControl",
          "ObjC"
        ],
        "superclassUsr": "c:objc(cs)UXCamConfiguration",
        "inheritsConvenienceInitializers": true,
        "superclassNames": [
          "UXCam.UXCamConfiguration",
          "ObjectiveC.NSObject"
        ],
        "conformances": [
          {
            "kind": "Conformance",
            "name": "Equatable",
            "printedName": "Equatable",
            "usr": "s:SQ",
            "mangledName": "$sSQ"
          },
          {
            "kind": "Conformance",
            "name": "Hashable",
            "printedName": "Hashable",
            "usr": "s:SH",
            "mangledName": "$sSH"
          },
          {
            "kind": "Conformance",
            "name": "CVarArg",
            "printedName": "CVarArg",
            "usr": "s:s7CVarArgP",
            "mangledName": "$ss7CVarArgP"
          },
          {
            "kind": "Conformance",
            "name": "_KeyValueCodingAndObservingPublishing",
            "printedName": "_KeyValueCodingAndObservingPublishing",
            "usr": "s:10Foundation37_KeyValueCodingAndObservingPublishingP",
            "mangledName": "$s10Foundation37_KeyValueCodingAndObservingPublishingP"
          },
          {
            "kind": "Conformance",
            "name": "_KeyValueCodingAndObserving",
            "printedName": "_KeyValueCodingAndObserving",
            "usr": "s:10Foundation27_KeyValueCodingAndObservingP",
            "mangledName": "$s10Foundation27_KeyValueCodingAndObservingP"
          },
          {
            "kind": "Conformance",
            "name": "CustomStringConvertible",
            "printedName": "CustomStringConvertible",
            "usr": "s:s23CustomStringConvertibleP",
            "mangledName": "$ss23CustomStringConvertibleP"
          },
          {
            "kind": "Conformance",
            "name": "CustomDebugStringConvertible",
            "printedName": "CustomDebugStringConvertible",
            "usr": "s:s28CustomDebugStringConvertibleP",
            "mangledName": "$ss28CustomDebugStringConvertibleP"
          }
        ]
      },
      {
        "kind": "Function",
        "name": "start",
        "printedName": "start(with:sessionStarted:)",
        "children": [
          {
            "kind": "TypeNominal",
            "name": "Void",
            "printedName": "()"
          },
          {
            "kind": "TypeNominal",
            "name": "Configuration",
            "printedName": "UXCamSwiftUI.Configuration",
            "usr": "c:@M@UXCamSwiftUI@objc(cs)Configuration"
          },
          {
            "kind": "TypeNominal",
            "name": "Optional",
            "printedName": "((Swift.Bool) -> ())?",
            "children": [
              {
                "kind": "TypeFunc",
                "name": "Function",
                "printedName": "(Swift.Bool) -> ()",
                "children": [
                  {
                    "kind": "TypeNominal",
                    "name": "Void",
                    "printedName": "()"
                  },
                  {
                    "kind": "TypeNominal",
                    "name": "Bool",
                    "printedName": "Swift.Bool",
                    "usr": "s:Sb"
                  }
                ]
              }
            ],
            "hasDefaultArg": true,
            "usr": "s:Sq"
          }
        ],
        "declKind": "Func",
        "usr": "s:12UXCamSwiftUI5start4with14sessionStartedyAA13ConfigurationC_ySbcSgtF",
        "mangledName": "$s12UXCamSwiftUI5start4with14sessionStartedyAA13ConfigurationC_ySbcSgtF",
        "moduleName": "UXCamSwiftUI",
        "declAttributes": [
          "AccessControl",
          "RawDocComment"
        ],
        "funcSelfKind": "NonMutating"
      },
      {
        "kind": "TypeDecl",
        "name": "View",
        "printedName": "View",
        "children": [
          {
            "kind": "Function",
            "name": "uxcamOcclude",
            "printedName": "uxcamOcclude(blockGestures:)",
            "children": [
              {
                "kind": "TypeNominal",
                "name": "ModifiedContent",
                "printedName": "SwiftUI.ModifiedContent<τ_0_0, SwiftUI._BackgroundModifier<UXCamSwiftUI.UXCamOccludedView>>",
                "children": [
                  {
                    "kind": "TypeNominal",
                    "name": "GenericTypeParam",
                    "printedName": "τ_0_0"
                  },
                  {
                    "kind": "TypeNominal",
                    "name": "_BackgroundModifier",
                    "printedName": "SwiftUI._BackgroundModifier<UXCamSwiftUI.UXCamOccludedView>",
                    "children": [
                      {
                        "kind": "TypeNominal",
                        "name": "UXCamOccludedView",
                        "printedName": "UXCamSwiftUI.UXCamOccludedView",
                        "usr": "s:12UXCamSwiftUI0A12OccludedView33_43029274E42EC9A505197FA6E02F8343LLV"
                      }
                    ],
                    "usr": "s:7SwiftUI19_BackgroundModifierV"
                  }
                ],
                "usr": "s:7SwiftUI15ModifiedContentV"
              },
              {
                "kind": "TypeNominal",
                "name": "Bool",
                "printedName": "Swift.Bool",
                "hasDefaultArg": true,
                "usr": "s:Sb"
              }
            ],
            "declKind": "Func",
            "usr": "s:7SwiftUI4ViewP05UXCamaB0E12uxcamOcclude13blockGesturesQrSb_tF",
            "mangledName": "$s7SwiftUI4ViewP05UXCamaB0E12uxcamOcclude13blockGesturesQrSb_tF",
            "moduleName": "UXCamSwiftUI",
            "genericSig": "<τ_0_0 where τ_0_0 : SwiftUI.View>",
            "sugared_genericSig": "<Self where Self : SwiftUI.View>",
            "declAttributes": [
              "AccessControl",
              "RawDocComment"
            ],
            "isFromExtension": true,
            "funcSelfKind": "NonMutating"
          },
          {
            "kind": "Function",
            "name": "uxcamTagScreenName",
            "printedName": "uxcamTagScreenName(_:)",
            "children": [
              {
                "kind": "TypeNominal",
                "name": "ModifiedContent",
                "printedName": "SwiftUI.ModifiedContent<τ_0_0, SwiftUI._AppearanceActionModifier>",
                "children": [
                  {
                    "kind": "TypeNominal",
                    "name": "GenericTypeParam",
                    "printedName": "τ_0_0"
                  },
                  {
                    "kind": "TypeNominal",
                    "name": "_AppearanceActionModifier",
                    "printedName": "SwiftUI._AppearanceActionModifier",
                    "usr": "s:7SwiftUI25_AppearanceActionModifierV"
                  }
                ],
                "usr": "s:7SwiftUI15ModifiedContentV"
              },
              {
                "kind": "TypeNominal",
                "name": "String",
                "printedName": "Swift.String",
                "usr": "s:SS"
              }
            ],
            "declKind": "Func",
            "usr": "s:7SwiftUI4ViewP05UXCamaB0E18uxcamTagScreenNameyQrSSF",
            "mangledName": "$s7SwiftUI4ViewP05UXCamaB0E18uxcamTagScreenNameyQrSSF",
            "moduleName": "UXCamSwiftUI",
            "genericSig": "<τ_0_0 where τ_0_0 : SwiftUI.View>",
            "sugared_genericSig": "<Self where Self : SwiftUI.View>",
            "declAttributes": [
              "AccessControl",
              "RawDocComment"
            ],
            "isFromExtension": true,
            "funcSelfKind": "NonMutating"
          }
        ],
        "declKind": "Protocol",
        "usr": "s:7SwiftUI4ViewP",
        "mangledName": "$s7SwiftUI4ViewP",
        "moduleName": "SwiftUI",
        "genericSig": "<τ_0_0.Body : SwiftUI.View>",
        "sugared_genericSig": "<Self.Body : SwiftUI.View>",
        "intro_Macosx": "10.15",
        "intro_iOS": "13.0",
        "intro_tvOS": "13.0",
        "intro_watchOS": "6.0",
        "declAttributes": [
          "TypeEraser",
          "Available",
          "Available",
          "Available",
          "Available"
        ],
        "isExternal": true
      }
    ],
    "json_format_version": 8
  },
  "ConstValues": [
    {
      "filePath": "\/Volumes\/workspace\/repository\/UXCamSwiftUI\/UXCamSwiftUI.swift",
      "kind": "BooleanLiteral",
      "offset": 744,
      "length": 5,
      "value": "false"
    },
    {
      "filePath": "\/Volumes\/workspace\/repository\/UXCamSwiftUI\/UXCamSwiftUI.swift",
      "kind": "StringLiteral",
      "offset": 1206,
      "length": 9,
      "value": "\"SwiftUI\""
    },
    {
      "filePath": "\/Volumes\/workspace\/repository\/UXCamSwiftUI\/UXCamSwiftUI.swift",
      "kind": "StringLiteral",
      "offset": 1226,
      "length": 7,
      "value": "\"1.0.6\""
    },
    {
      "filePath": "\/Volumes\/workspace\/repository\/UXCamSwiftUI\/UXCamSwiftUI.swift",
      "kind": "BooleanLiteral",
      "offset": 1597,
      "length": 4,
      "value": "true"
    },
    {
      "filePath": "\/Volumes\/workspace\/repository\/UXCamSwiftUI\/UXCamSwiftUI.swift",
      "kind": "BooleanLiteral",
      "offset": 1631,
      "length": 5,
      "value": "false"
    },
    {
      "filePath": "\/Volumes\/workspace\/repository\/UXCamSwiftUI\/UXCamSwiftUI.swift",
      "kind": "StringLiteral",
      "offset": 1718,
      "length": 39,
      "value": "\"init(coder:) has not been implemented\""
    },
    {
      "filePath": "\/Volumes\/workspace\/repository\/UXCamSwiftUI\/UXCamSwiftUI.swift",
      "kind": "StringLiteral",
      "offset": 1415,
      "length": 19,
      "value": "\"UXCamSwiftUI.UXCamOccludedUIView\""
    },
    {
      "filePath": "\/Volumes\/workspace\/repository\/UXCamSwiftUI\/UXCamSwiftUI.swift",
      "kind": "BooleanLiteral",
      "offset": 1848,
      "length": 4,
      "value": "true"
    },
    {
      "filePath": "\/Volumes\/workspace\/repository\/UXCamSwiftUI\/UXCamSwiftUI.swift",
      "kind": "BooleanLiteral",
      "offset": 2663,
      "length": 4,
      "value": "true"
    }
  ]
}